,0,1
human1_lib3.final_cell_0524,0,alpha
human1_lib1.final_cell_0416,0,beta
human1_lib1.final_cell_0447,0,beta
human1_lib1.final_cell_0525,0,beta
human1_lib2.final_cell_0239,0,beta
human1_lib3.final_cell_0537,0,beta
human1_lib1.final_cell_0013,0,delta
human1_lib1.final_cell_0014,0,delta
human1_lib1.final_cell_0025,0,delta
human1_lib1.final_cell_0031,0,delta
human1_lib1.final_cell_0032,0,delta
human1_lib1.final_cell_0033,0,delta
human1_lib1.final_cell_0034,0,delta
human1_lib1.final_cell_0040,0,delta
human1_lib1.final_cell_0043,0,delta
human1_lib1.final_cell_0049,0,delta
human1_lib1.final_cell_0051,0,delta
human1_lib1.final_cell_0069,0,delta
human1_lib1.final_cell_0074,0,delta
human1_lib1.final_cell_0077,0,delta
human1_lib1.final_cell_0086,0,delta
human1_lib1.final_cell_0087,0,delta
human1_lib1.final_cell_0098,0,delta
human1_lib1.final_cell_0099,0,delta
human1_lib1.final_cell_0101,0,delta
human1_lib1.final_cell_0104,0,delta
human1_lib1.final_cell_0110,0,delta
human1_lib1.final_cell_0113,0,delta
human1_lib1.final_cell_0117,0,delta
human1_lib1.final_cell_0119,0,delta
human1_lib1.final_cell_0129,0,delta
human1_lib1.final_cell_0140,0,delta
human1_lib1.final_cell_0146,0,delta
human1_lib1.final_cell_0154,0,delta
human1_lib1.final_cell_0178,0,delta
human1_lib1.final_cell_0180,0,delta
human1_lib1.final_cell_0192,0,delta
human1_lib1.final_cell_0195,0,delta
human1_lib1.final_cell_0201,0,delta
human1_lib1.final_cell_0221,0,delta
human1_lib1.final_cell_0229,0,delta
human1_lib1.final_cell_0232,0,delta
human1_lib1.final_cell_0233,0,delta
human1_lib1.final_cell_0235,0,delta
human1_lib1.final_cell_0240,0,delta
human1_lib1.final_cell_0246,0,delta
human1_lib1.final_cell_0251,0,delta
human1_lib1.final_cell_0252,0,delta
human1_lib1.final_cell_0255,0,delta
human1_lib1.final_cell_0262,0,delta
human1_lib1.final_cell_0271,0,delta
human1_lib1.final_cell_0275,0,delta
human1_lib1.final_cell_0281,0,delta
human1_lib1.final_cell_0287,0,delta
human1_lib1.final_cell_0306,0,delta
human1_lib1.final_cell_0310,0,delta
human1_lib1.final_cell_0321,0,delta
human1_lib1.final_cell_0337,0,delta
human1_lib1.final_cell_0338,0,delta
human1_lib1.final_cell_0370,0,delta
human1_lib1.final_cell_0377,0,delta
human1_lib1.final_cell_0396,0,delta
human1_lib1.final_cell_0415,0,delta
human1_lib1.final_cell_0467,0,delta
human1_lib1.final_cell_0481,0,delta
human1_lib1.final_cell_0486,0,delta
human1_lib1.final_cell_0488,0,delta
human1_lib1.final_cell_0490,0,delta
human1_lib1.final_cell_0493,0,delta
human1_lib1.final_cell_0503,0,delta
human1_lib2.final_cell_0002,0,delta
human1_lib2.final_cell_0003,0,delta
human1_lib2.final_cell_0008,0,delta
human1_lib2.final_cell_0012,0,delta
human1_lib2.final_cell_0013,0,delta
human1_lib2.final_cell_0014,0,delta
human1_lib2.final_cell_0015,0,delta
human1_lib2.final_cell_0020,0,delta
human1_lib2.final_cell_0022,0,delta
human1_lib2.final_cell_0025,0,delta
human1_lib2.final_cell_0026,0,delta
human1_lib2.final_cell_0028,0,delta
human1_lib2.final_cell_0031,0,delta
human1_lib2.final_cell_0034,0,delta
human1_lib2.final_cell_0036,0,delta
human1_lib2.final_cell_0040,0,delta
human1_lib2.final_cell_0041,0,delta
human1_lib2.final_cell_0043,0,delta
human1_lib2.final_cell_0044,0,delta
human1_lib2.final_cell_0047,0,delta
human1_lib2.final_cell_0048,0,delta
human1_lib2.final_cell_0058,0,delta
human1_lib2.final_cell_0063,0,delta
human1_lib2.final_cell_0068,0,delta
human1_lib2.final_cell_0074,0,delta
human1_lib2.final_cell_0078,0,delta
human1_lib2.final_cell_0079,0,delta
human1_lib2.final_cell_0081,0,delta
human1_lib2.final_cell_0095,0,delta
human1_lib2.final_cell_0097,0,delta
human1_lib2.final_cell_0099,0,delta
human1_lib2.final_cell_0102,0,delta
human1_lib2.final_cell_0116,0,delta
human1_lib2.final_cell_0133,0,delta
human1_lib2.final_cell_0134,0,delta
human1_lib2.final_cell_0143,0,delta
human1_lib2.final_cell_0151,0,delta
human1_lib2.final_cell_0166,0,delta
human1_lib2.final_cell_0169,0,delta
human1_lib2.final_cell_0184,0,delta
human1_lib2.final_cell_0191,0,delta
human1_lib2.final_cell_0194,0,delta
human1_lib2.final_cell_0205,0,delta
human1_lib2.final_cell_0210,0,delta
human1_lib2.final_cell_0230,0,delta
human1_lib2.final_cell_0243,0,delta
human1_lib2.final_cell_0249,0,delta
human1_lib2.final_cell_0258,0,delta
human1_lib2.final_cell_0263,0,delta
human1_lib2.final_cell_0273,0,delta
human1_lib2.final_cell_0276,0,delta
human1_lib2.final_cell_0310,0,delta
human1_lib2.final_cell_0315,0,delta
human1_lib2.final_cell_0329,0,delta
human1_lib2.final_cell_0338,0,delta
human1_lib2.final_cell_0347,0,delta
human1_lib2.final_cell_0362,0,delta
human1_lib2.final_cell_0366,0,delta
human1_lib2.final_cell_0370,0,delta
human1_lib2.final_cell_0387,0,delta
human1_lib2.final_cell_0392,0,delta
human1_lib2.final_cell_0407,0,delta
human1_lib2.final_cell_0410,0,delta
human1_lib2.final_cell_0421,0,delta
human1_lib2.final_cell_0443,0,delta
human1_lib2.final_cell_0463,0,delta
human1_lib2.final_cell_0468,0,delta
human1_lib2.final_cell_0473,0,delta
human1_lib2.final_cell_0498,0,delta
human1_lib3.final_cell_0003,0,delta
human1_lib3.final_cell_0008,0,delta
human1_lib3.final_cell_0009,0,delta
human1_lib3.final_cell_0010,0,delta
human1_lib3.final_cell_0014,0,delta
human1_lib3.final_cell_0015,0,delta
human1_lib3.final_cell_0016,0,delta
human1_lib3.final_cell_0017,0,delta
human1_lib3.final_cell_0019,0,delta
human1_lib3.final_cell_0023,0,delta
human1_lib3.final_cell_0026,0,delta
human1_lib3.final_cell_0028,0,delta
human1_lib3.final_cell_0032,0,delta
human1_lib3.final_cell_0036,0,delta
human1_lib3.final_cell_0040,0,delta
human1_lib3.final_cell_0041,0,delta
human1_lib3.final_cell_0042,0,delta
human1_lib3.final_cell_0045,0,delta
human1_lib3.final_cell_0050,0,delta
human1_lib3.final_cell_0055,0,delta
human1_lib3.final_cell_0058,0,delta
human1_lib3.final_cell_0061,0,delta
human1_lib3.final_cell_0062,0,delta
human1_lib3.final_cell_0064,0,delta
human1_lib3.final_cell_0066,0,delta
human1_lib3.final_cell_0068,0,delta
human1_lib3.final_cell_0074,0,delta
human1_lib3.final_cell_0075,0,delta
human1_lib3.final_cell_0077,0,delta
human1_lib3.final_cell_0078,0,delta
human1_lib3.final_cell_0093,0,delta
human1_lib3.final_cell_0096,0,delta
human1_lib3.final_cell_0101,0,delta
human1_lib3.final_cell_0104,0,delta
human1_lib3.final_cell_0109,0,delta
human1_lib3.final_cell_0110,0,delta
human1_lib3.final_cell_0114,0,delta
human1_lib3.final_cell_0116,0,delta
human1_lib3.final_cell_0135,0,delta
human1_lib3.final_cell_0141,0,delta
human1_lib3.final_cell_0155,0,delta
human1_lib3.final_cell_0178,0,delta
human1_lib3.final_cell_0181,0,delta
human1_lib3.final_cell_0195,0,delta
human1_lib3.final_cell_0201,0,delta
human1_lib3.final_cell_0206,0,delta
human1_lib3.final_cell_0209,0,delta
human1_lib3.final_cell_0213,0,delta
human1_lib3.final_cell_0216,0,delta
human1_lib3.final_cell_0232,0,delta
human1_lib3.final_cell_0247,0,delta
human1_lib3.final_cell_0257,0,delta
human1_lib3.final_cell_0264,0,delta
human1_lib3.final_cell_0278,0,delta
human1_lib3.final_cell_0282,0,delta
human1_lib3.final_cell_0292,0,delta
human1_lib3.final_cell_0298,0,delta
human1_lib3.final_cell_0305,0,delta
human1_lib3.final_cell_0319,0,delta
human1_lib3.final_cell_0329,0,delta
human1_lib3.final_cell_0346,0,delta
human1_lib3.final_cell_0371,0,delta
human1_lib3.final_cell_0402,0,delta
human1_lib3.final_cell_0412,0,delta
human1_lib3.final_cell_0419,0,delta
human1_lib3.final_cell_0461,0,delta
human1_lib3.final_cell_0481,0,delta
human1_lib3.final_cell_0482,0,delta
human1_lib3.final_cell_0483,0,delta
human1_lib3.final_cell_0506,0,delta
human1_lib3.final_cell_0562,0,delta
human1_lib3.final_cell_0606,0,delta
human1_lib3.final_cell_0614,0,delta
human1_lib3.final_cell_0622,0,delta
human1_lib3.final_cell_0630,0,delta
human1_lib3.final_cell_0665,0,delta
human1_lib1.final_cell_0123,0,epsilon
human1_lib3.final_cell_0270,0,epsilon
human1_lib1.final_cell_0019,1,ductal
human1_lib1.final_cell_0023,1,ductal
human1_lib1.final_cell_0061,1,ductal
human1_lib1.final_cell_0064,1,ductal
human1_lib1.final_cell_0065,1,ductal
human1_lib1.final_cell_0148,1,ductal
human1_lib1.final_cell_0149,1,ductal
human1_lib1.final_cell_0203,1,ductal
human1_lib1.final_cell_0207,1,ductal
human1_lib1.final_cell_0209,1,ductal
human1_lib1.final_cell_0216,1,ductal
human1_lib1.final_cell_0217,1,ductal
human1_lib1.final_cell_0230,1,ductal
human1_lib1.final_cell_0261,1,ductal
human1_lib1.final_cell_0278,1,ductal
human1_lib1.final_cell_0284,1,ductal
human1_lib1.final_cell_0330,1,ductal
human1_lib1.final_cell_0342,1,ductal
human1_lib1.final_cell_0374,1,ductal
human1_lib1.final_cell_0375,1,ductal
human1_lib1.final_cell_0410,1,ductal
human1_lib1.final_cell_0412,1,ductal
human1_lib1.final_cell_0418,1,ductal
human1_lib1.final_cell_0437,1,ductal
human1_lib1.final_cell_0440,1,ductal
human1_lib1.final_cell_0443,1,ductal
human1_lib1.final_cell_0449,1,ductal
human1_lib1.final_cell_0477,1,ductal
human1_lib1.final_cell_0544,1,ductal
human1_lib1.final_cell_0555,1,ductal
human1_lib1.final_cell_0557,1,ductal
human1_lib1.final_cell_0567,1,ductal
human1_lib2.final_cell_0024,1,ductal
human1_lib2.final_cell_0045,1,ductal
human1_lib2.final_cell_0103,1,ductal
human1_lib2.final_cell_0106,1,ductal
human1_lib2.final_cell_0122,1,ductal
human1_lib2.final_cell_0128,1,ductal
human1_lib2.final_cell_0145,1,ductal
human1_lib2.final_cell_0148,1,ductal
human1_lib2.final_cell_0160,1,ductal
human1_lib2.final_cell_0182,1,ductal
human1_lib2.final_cell_0206,1,ductal
human1_lib2.final_cell_0212,1,ductal
human1_lib2.final_cell_0217,1,ductal
human1_lib2.final_cell_0251,1,ductal
human1_lib2.final_cell_0257,1,ductal
human1_lib2.final_cell_0268,1,ductal
human1_lib2.final_cell_0319,1,ductal
human1_lib2.final_cell_0321,1,ductal
human1_lib2.final_cell_0326,1,ductal
human1_lib2.final_cell_0330,1,ductal
human1_lib2.final_cell_0332,1,ductal
human1_lib2.final_cell_0335,1,ductal
human1_lib2.final_cell_0389,1,ductal
human1_lib2.final_cell_0402,1,ductal
human1_lib2.final_cell_0412,1,ductal
human1_lib2.final_cell_0430,1,ductal
human1_lib2.final_cell_0441,1,ductal
human1_lib2.final_cell_0455,1,ductal
human1_lib2.final_cell_0465,1,ductal
human1_lib2.final_cell_0478,1,ductal
human1_lib2.final_cell_0484,1,ductal
human1_lib2.final_cell_0494,1,ductal
human1_lib2.final_cell_0501,1,ductal
human1_lib2.final_cell_0525,1,ductal
human1_lib2.final_cell_0532,1,ductal
human1_lib2.final_cell_0533,1,ductal
human1_lib2.final_cell_0537,1,ductal
human1_lib2.final_cell_0572,1,ductal
human1_lib2.final_cell_0574,1,ductal
human1_lib3.final_cell_0044,1,ductal
human1_lib3.final_cell_0056,1,ductal
human1_lib3.final_cell_0073,1,ductal
human1_lib3.final_cell_0111,1,ductal
human1_lib3.final_cell_0115,1,ductal
human1_lib3.final_cell_0118,1,ductal
human1_lib3.final_cell_0161,1,ductal
human1_lib3.final_cell_0183,1,ductal
human1_lib3.final_cell_0184,1,ductal
human1_lib3.final_cell_0197,1,ductal
human1_lib3.final_cell_0205,1,ductal
human1_lib3.final_cell_0217,1,ductal
human1_lib3.final_cell_0218,1,ductal
human1_lib3.final_cell_0235,1,ductal
human1_lib3.final_cell_0236,1,ductal
human1_lib3.final_cell_0241,1,ductal
human1_lib3.final_cell_0246,1,ductal
human1_lib3.final_cell_0252,1,ductal
human1_lib3.final_cell_0274,1,ductal
human1_lib3.final_cell_0279,1,ductal
human1_lib3.final_cell_0291,1,ductal
human1_lib3.final_cell_0327,1,ductal
human1_lib3.final_cell_0328,1,ductal
human1_lib3.final_cell_0357,1,ductal
human1_lib3.final_cell_0367,1,ductal
human1_lib3.final_cell_0372,1,ductal
human1_lib3.final_cell_0379,1,ductal
human1_lib3.final_cell_0411,1,ductal
human1_lib3.final_cell_0414,1,ductal
human1_lib3.final_cell_0418,1,ductal
human1_lib3.final_cell_0425,1,ductal
human1_lib3.final_cell_0428,1,ductal
human1_lib3.final_cell_0438,1,ductal
human1_lib3.final_cell_0439,1,ductal
human1_lib3.final_cell_0445,1,ductal
human1_lib3.final_cell_0448,1,ductal
human1_lib3.final_cell_0474,1,ductal
human1_lib3.final_cell_0555,1,ductal
human1_lib3.final_cell_0578,1,ductal
human1_lib3.final_cell_0598,1,ductal
human1_lib3.final_cell_0603,1,ductal
human1_lib3.final_cell_0610,1,ductal
human1_lib3.final_cell_0650,1,ductal
human1_lib3.final_cell_0661,1,ductal
human1_lib3.final_cell_0679,1,ductal
human1_lib3.final_cell_0722,1,ductal
human1_lib3.final_cell_0150,1,quiescent_stellate
human1_lib1.final_cell_0188,2,endothelial
human1_lib1.final_cell_0250,2,endothelial
human1_lib1.final_cell_0273,2,endothelial
human1_lib1.final_cell_0289,2,endothelial
human1_lib1.final_cell_0302,2,endothelial
human1_lib1.final_cell_0319,2,endothelial
human1_lib1.final_cell_0355,2,endothelial
human1_lib1.final_cell_0361,2,endothelial
human1_lib1.final_cell_0376,2,endothelial
human1_lib1.final_cell_0380,2,endothelial
human1_lib1.final_cell_0383,2,endothelial
human1_lib1.final_cell_0384,2,endothelial
human1_lib1.final_cell_0408,2,endothelial
human1_lib1.final_cell_0411,2,endothelial
human1_lib1.final_cell_0419,2,endothelial
human1_lib1.final_cell_0420,2,endothelial
human1_lib1.final_cell_0422,2,endothelial
human1_lib1.final_cell_0423,2,endothelial
human1_lib1.final_cell_0430,2,endothelial
human1_lib1.final_cell_0445,2,endothelial
human1_lib1.final_cell_0456,2,endothelial
human1_lib1.final_cell_0457,2,endothelial
human1_lib1.final_cell_0463,2,endothelial
human1_lib1.final_cell_0464,2,endothelial
human1_lib1.final_cell_0498,2,endothelial
human1_lib1.final_cell_0499,2,endothelial
human1_lib1.final_cell_0505,2,endothelial
human1_lib1.final_cell_0509,2,endothelial
human1_lib1.final_cell_0515,2,endothelial
human1_lib1.final_cell_0520,2,endothelial
human1_lib1.final_cell_0526,2,endothelial
human1_lib1.final_cell_0530,2,endothelial
human1_lib1.final_cell_0532,2,endothelial
human1_lib1.final_cell_0534,2,endothelial
human1_lib1.final_cell_0537,2,endothelial
human1_lib1.final_cell_0538,2,endothelial
human1_lib1.final_cell_0540,2,endothelial
human1_lib1.final_cell_0545,2,endothelial
human1_lib1.final_cell_0548,2,endothelial
human1_lib1.final_cell_0552,2,endothelial
human1_lib1.final_cell_0554,2,endothelial
human1_lib1.final_cell_0558,2,endothelial
human1_lib1.final_cell_0561,2,endothelial
human1_lib1.final_cell_0562,2,endothelial
human1_lib1.final_cell_0564,2,endothelial
human1_lib1.final_cell_0565,2,endothelial
human1_lib2.final_cell_0019,2,endothelial
human1_lib2.final_cell_0093,2,endothelial
human1_lib2.final_cell_0232,2,endothelial
human1_lib2.final_cell_0241,2,endothelial
human1_lib2.final_cell_0254,2,endothelial
human1_lib2.final_cell_0313,2,endothelial
human1_lib2.final_cell_0372,2,endothelial
human1_lib2.final_cell_0418,2,endothelial
human1_lib2.final_cell_0424,2,endothelial
human1_lib2.final_cell_0425,2,endothelial
human1_lib2.final_cell_0452,2,endothelial
human1_lib2.final_cell_0461,2,endothelial
human1_lib2.final_cell_0466,2,endothelial
human1_lib2.final_cell_0470,2,endothelial
human1_lib2.final_cell_0472,2,endothelial
human1_lib2.final_cell_0476,2,endothelial
human1_lib2.final_cell_0487,2,endothelial
human1_lib2.final_cell_0488,2,endothelial
human1_lib2.final_cell_0490,2,endothelial
human1_lib2.final_cell_0491,2,endothelial
human1_lib2.final_cell_0505,2,endothelial
human1_lib2.final_cell_0517,2,endothelial
human1_lib2.final_cell_0520,2,endothelial
human1_lib2.final_cell_0530,2,endothelial
human1_lib2.final_cell_0539,2,endothelial
human1_lib2.final_cell_0550,2,endothelial
human1_lib2.final_cell_0559,2,endothelial
human1_lib2.final_cell_0566,2,endothelial
human1_lib2.final_cell_0568,2,endothelial
human1_lib2.final_cell_0569,2,endothelial
human1_lib2.final_cell_0570,2,endothelial
human1_lib2.final_cell_0571,2,endothelial
human1_lib2.final_cell_0577,2,endothelial
human1_lib2.final_cell_0578,2,endothelial
human1_lib2.final_cell_0584,2,endothelial
human1_lib2.final_cell_0590,2,endothelial
human1_lib2.final_cell_0596,2,endothelial
human1_lib2.final_cell_0607,2,endothelial
human1_lib2.final_cell_0610,2,endothelial
human1_lib2.final_cell_0611,2,endothelial
human1_lib2.final_cell_0618,2,endothelial
human1_lib2.final_cell_0619,2,endothelial
human1_lib2.final_cell_0620,2,endothelial
human1_lib2.final_cell_0622,2,endothelial
human1_lib2.final_cell_0626,2,endothelial
human1_lib3.final_cell_0189,2,endothelial
human1_lib3.final_cell_0223,2,endothelial
human1_lib3.final_cell_0351,2,endothelial
human1_lib3.final_cell_0429,2,endothelial
human1_lib3.final_cell_0431,2,endothelial
human1_lib3.final_cell_0449,2,endothelial
human1_lib3.final_cell_0499,2,endothelial
human1_lib3.final_cell_0510,2,endothelial
human1_lib3.final_cell_0511,2,endothelial
human1_lib3.final_cell_0519,2,endothelial
human1_lib3.final_cell_0523,2,endothelial
human1_lib3.final_cell_0533,2,endothelial
human1_lib3.final_cell_0544,2,endothelial
human1_lib3.final_cell_0552,2,endothelial
human1_lib3.final_cell_0569,2,endothelial
human1_lib3.final_cell_0575,2,endothelial
human1_lib3.final_cell_0589,2,endothelial
human1_lib3.final_cell_0590,2,endothelial
human1_lib3.final_cell_0602,2,endothelial
human1_lib3.final_cell_0604,2,endothelial
human1_lib3.final_cell_0615,2,endothelial
human1_lib3.final_cell_0618,2,endothelial
human1_lib3.final_cell_0621,2,endothelial
human1_lib3.final_cell_0625,2,endothelial
human1_lib3.final_cell_0627,2,endothelial
human1_lib3.final_cell_0649,2,endothelial
human1_lib3.final_cell_0664,2,endothelial
human1_lib3.final_cell_0671,2,endothelial
human1_lib3.final_cell_0673,2,endothelial
human1_lib3.final_cell_0676,2,endothelial
human1_lib3.final_cell_0681,2,endothelial
human1_lib3.final_cell_0694,2,endothelial
human1_lib3.final_cell_0710,2,endothelial
human1_lib3.final_cell_0711,2,endothelial
human1_lib3.final_cell_0720,2,endothelial
human1_lib3.final_cell_0736,2,endothelial
human1_lib3.final_cell_0738,2,endothelial
human1_lib1.final_cell_0001,3,acinar
human1_lib1.final_cell_0002,3,acinar
human1_lib1.final_cell_0003,3,acinar
human1_lib1.final_cell_0004,3,acinar
human1_lib1.final_cell_0005,3,acinar
human1_lib1.final_cell_0006,3,acinar
human1_lib1.final_cell_0008,3,acinar
human1_lib1.final_cell_0009,3,acinar
human1_lib1.final_cell_0010,3,acinar
human1_lib1.final_cell_0011,3,acinar
human1_lib1.final_cell_0012,3,acinar
human1_lib1.final_cell_0018,3,acinar
human1_lib1.final_cell_0028,3,acinar
human1_lib1.final_cell_0029,3,acinar
human1_lib1.final_cell_0036,3,acinar
human1_lib1.final_cell_0047,3,acinar
human1_lib1.final_cell_0053,3,acinar
human1_lib1.final_cell_0066,3,acinar
human1_lib1.final_cell_0084,3,acinar
human1_lib1.final_cell_0109,3,acinar
human1_lib1.final_cell_0134,3,acinar
human1_lib1.final_cell_0171,3,acinar
human1_lib1.final_cell_0173,3,acinar
human1_lib1.final_cell_0177,3,acinar
human1_lib1.final_cell_0182,3,acinar
human1_lib1.final_cell_0244,3,acinar
human1_lib1.final_cell_0343,3,acinar
human1_lib1.final_cell_0371,3,acinar
human1_lib1.final_cell_0372,3,acinar
human1_lib1.final_cell_0382,3,acinar
human1_lib1.final_cell_0413,3,acinar
human1_lib1.final_cell_0436,3,acinar
human1_lib1.final_cell_0444,3,acinar
human1_lib1.final_cell_0453,3,acinar
human1_lib1.final_cell_0461,3,acinar
human1_lib1.final_cell_0466,3,acinar
human1_lib2.final_cell_0004,3,acinar
human1_lib2.final_cell_0005,3,acinar
human1_lib2.final_cell_0006,3,acinar
human1_lib2.final_cell_0007,3,acinar
human1_lib2.final_cell_0009,3,acinar
human1_lib2.final_cell_0016,3,acinar
human1_lib2.final_cell_0018,3,acinar
human1_lib2.final_cell_0054,3,acinar
human1_lib2.final_cell_0067,3,acinar
human1_lib2.final_cell_0072,3,acinar
human1_lib2.final_cell_0088,3,acinar
human1_lib2.final_cell_0111,3,acinar
human1_lib2.final_cell_0112,3,acinar
human1_lib2.final_cell_0124,3,acinar
human1_lib2.final_cell_0126,3,acinar
human1_lib2.final_cell_0139,3,acinar
human1_lib2.final_cell_0177,3,acinar
human1_lib2.final_cell_0225,3,acinar
human1_lib2.final_cell_0278,3,acinar
human1_lib2.final_cell_0292,3,acinar
human1_lib2.final_cell_0375,3,acinar
human1_lib2.final_cell_0377,3,acinar
human1_lib2.final_cell_0383,3,acinar
human1_lib2.final_cell_0395,3,acinar
human1_lib2.final_cell_0404,3,acinar
human1_lib2.final_cell_0405,3,acinar
human1_lib2.final_cell_0419,3,acinar
human1_lib2.final_cell_0436,3,acinar
human1_lib2.final_cell_0471,3,acinar
human1_lib2.final_cell_0542,3,acinar
human1_lib2.final_cell_0582,3,acinar
human1_lib2.final_cell_0616,3,acinar
human1_lib3.final_cell_0001,3,acinar
human1_lib3.final_cell_0002,3,acinar
human1_lib3.final_cell_0004,3,acinar
human1_lib3.final_cell_0006,3,acinar
human1_lib3.final_cell_0007,3,acinar
human1_lib3.final_cell_0011,3,acinar
human1_lib3.final_cell_0020,3,acinar
human1_lib3.final_cell_0025,3,acinar
human1_lib3.final_cell_0030,3,acinar
human1_lib3.final_cell_0031,3,acinar
human1_lib3.final_cell_0043,3,acinar
human1_lib3.final_cell_0054,3,acinar
human1_lib3.final_cell_0067,3,acinar
human1_lib3.final_cell_0070,3,acinar
human1_lib3.final_cell_0082,3,acinar
human1_lib3.final_cell_0112,3,acinar
human1_lib3.final_cell_0113,3,acinar
human1_lib3.final_cell_0130,3,acinar
human1_lib3.final_cell_0143,3,acinar
human1_lib3.final_cell_0152,3,acinar
human1_lib3.final_cell_0156,3,acinar
human1_lib3.final_cell_0163,3,acinar
human1_lib3.final_cell_0171,3,acinar
human1_lib3.final_cell_0188,3,acinar
human1_lib3.final_cell_0231,3,acinar
human1_lib3.final_cell_0385,3,acinar
human1_lib3.final_cell_0386,3,acinar
human1_lib3.final_cell_0409,3,acinar
human1_lib3.final_cell_0427,3,acinar
human1_lib3.final_cell_0447,3,acinar
human1_lib3.final_cell_0450,3,acinar
human1_lib3.final_cell_0469,3,acinar
human1_lib3.final_cell_0508,3,acinar
human1_lib3.final_cell_0539,3,acinar
human1_lib3.final_cell_0541,3,acinar
human1_lib3.final_cell_0547,3,acinar
human1_lib3.final_cell_0560,3,acinar
human1_lib3.final_cell_0600,3,acinar
human1_lib3.final_cell_0601,3,acinar
human1_lib3.final_cell_0623,3,acinar
human1_lib3.final_cell_0624,3,acinar
human1_lib3.final_cell_0628,3,acinar
human1_lib3.final_cell_0586,3,beta
human1_lib2.final_cell_0001,3,delta
human1_lib2.final_cell_0010,3,ductal
human1_lib3.final_cell_0029,3,ductal
human1_lib1.final_cell_0007,4,beta
human1_lib1.final_cell_0015,4,beta
human1_lib1.final_cell_0017,4,beta
human1_lib1.final_cell_0020,4,beta
human1_lib1.final_cell_0021,4,beta
human1_lib1.final_cell_0024,4,beta
human1_lib1.final_cell_0027,4,beta
human1_lib1.final_cell_0030,4,beta
human1_lib1.final_cell_0035,4,beta
human1_lib1.final_cell_0037,4,beta
human1_lib1.final_cell_0038,4,beta
human1_lib1.final_cell_0039,4,beta
human1_lib1.final_cell_0042,4,beta
human1_lib1.final_cell_0050,4,beta
human1_lib1.final_cell_0052,4,beta
human1_lib1.final_cell_0054,4,beta
human1_lib1.final_cell_0055,4,beta
human1_lib1.final_cell_0057,4,beta
human1_lib1.final_cell_0058,4,beta
human1_lib1.final_cell_0059,4,beta
human1_lib1.final_cell_0060,4,beta
human1_lib1.final_cell_0063,4,beta
human1_lib1.final_cell_0068,4,beta
human1_lib1.final_cell_0071,4,beta
human1_lib1.final_cell_0072,4,beta
human1_lib1.final_cell_0073,4,beta
human1_lib1.final_cell_0075,4,beta
human1_lib1.final_cell_0076,4,beta
human1_lib1.final_cell_0078,4,beta
human1_lib1.final_cell_0079,4,beta
human1_lib1.final_cell_0080,4,beta
human1_lib1.final_cell_0081,4,beta
human1_lib1.final_cell_0082,4,beta
human1_lib1.final_cell_0083,4,beta
human1_lib1.final_cell_0088,4,beta
human1_lib1.final_cell_0089,4,beta
human1_lib1.final_cell_0090,4,beta
human1_lib1.final_cell_0091,4,beta
human1_lib1.final_cell_0092,4,beta
human1_lib1.final_cell_0093,4,beta
human1_lib1.final_cell_0094,4,beta
human1_lib1.final_cell_0095,4,beta
human1_lib1.final_cell_0096,4,beta
human1_lib1.final_cell_0097,4,beta
human1_lib1.final_cell_0100,4,beta
human1_lib1.final_cell_0105,4,beta
human1_lib1.final_cell_0106,4,beta
human1_lib1.final_cell_0107,4,beta
human1_lib1.final_cell_0108,4,beta
human1_lib1.final_cell_0111,4,beta
human1_lib1.final_cell_0112,4,beta
human1_lib1.final_cell_0114,4,beta
human1_lib1.final_cell_0115,4,beta
human1_lib1.final_cell_0116,4,beta
human1_lib1.final_cell_0118,4,beta
human1_lib1.final_cell_0120,4,beta
human1_lib1.final_cell_0121,4,beta
human1_lib1.final_cell_0122,4,beta
human1_lib1.final_cell_0124,4,beta
human1_lib1.final_cell_0125,4,beta
human1_lib1.final_cell_0126,4,beta
human1_lib1.final_cell_0128,4,beta
human1_lib1.final_cell_0130,4,beta
human1_lib1.final_cell_0133,4,beta
human1_lib1.final_cell_0136,4,beta
human1_lib1.final_cell_0137,4,beta
human1_lib1.final_cell_0139,4,beta
human1_lib1.final_cell_0141,4,beta
human1_lib1.final_cell_0142,4,beta
human1_lib1.final_cell_0143,4,beta
human1_lib1.final_cell_0144,4,beta
human1_lib1.final_cell_0145,4,beta
human1_lib1.final_cell_0147,4,beta
human1_lib1.final_cell_0150,4,beta
human1_lib1.final_cell_0151,4,beta
human1_lib1.final_cell_0152,4,beta
human1_lib1.final_cell_0153,4,beta
human1_lib1.final_cell_0155,4,beta
human1_lib1.final_cell_0157,4,beta
human1_lib1.final_cell_0158,4,beta
human1_lib1.final_cell_0160,4,beta
human1_lib1.final_cell_0162,4,beta
human1_lib1.final_cell_0164,4,beta
human1_lib1.final_cell_0165,4,beta
human1_lib1.final_cell_0166,4,beta
human1_lib1.final_cell_0167,4,beta
human1_lib1.final_cell_0168,4,beta
human1_lib1.final_cell_0169,4,beta
human1_lib1.final_cell_0170,4,beta
human1_lib1.final_cell_0172,4,beta
human1_lib1.final_cell_0174,4,beta
human1_lib1.final_cell_0175,4,beta
human1_lib1.final_cell_0176,4,beta
human1_lib1.final_cell_0179,4,beta
human1_lib1.final_cell_0181,4,beta
human1_lib1.final_cell_0184,4,beta
human1_lib1.final_cell_0186,4,beta
human1_lib1.final_cell_0189,4,beta
human1_lib1.final_cell_0190,4,beta
human1_lib1.final_cell_0193,4,beta
human1_lib1.final_cell_0194,4,beta
human1_lib1.final_cell_0196,4,beta
human1_lib1.final_cell_0199,4,beta
human1_lib1.final_cell_0200,4,beta
human1_lib1.final_cell_0204,4,beta
human1_lib1.final_cell_0206,4,beta
human1_lib1.final_cell_0210,4,beta
human1_lib1.final_cell_0211,4,beta
human1_lib1.final_cell_0213,4,beta
human1_lib1.final_cell_0214,4,beta
human1_lib1.final_cell_0220,4,beta
human1_lib1.final_cell_0223,4,beta
human1_lib1.final_cell_0224,4,beta
human1_lib1.final_cell_0225,4,beta
human1_lib1.final_cell_0227,4,beta
human1_lib1.final_cell_0228,4,beta
human1_lib1.final_cell_0231,4,beta
human1_lib1.final_cell_0234,4,beta
human1_lib1.final_cell_0236,4,beta
human1_lib1.final_cell_0238,4,beta
human1_lib1.final_cell_0239,4,beta
human1_lib1.final_cell_0241,4,beta
human1_lib1.final_cell_0243,4,beta
human1_lib1.final_cell_0247,4,beta
human1_lib1.final_cell_0249,4,beta
human1_lib1.final_cell_0253,4,beta
human1_lib1.final_cell_0254,4,beta
human1_lib1.final_cell_0258,4,beta
human1_lib1.final_cell_0259,4,beta
human1_lib1.final_cell_0260,4,beta
human1_lib1.final_cell_0264,4,beta
human1_lib1.final_cell_0266,4,beta
human1_lib1.final_cell_0267,4,beta
human1_lib1.final_cell_0268,4,beta
human1_lib1.final_cell_0276,4,beta
human1_lib1.final_cell_0282,4,beta
human1_lib1.final_cell_0283,4,beta
human1_lib1.final_cell_0286,4,beta
human1_lib1.final_cell_0290,4,beta
human1_lib1.final_cell_0291,4,beta
human1_lib1.final_cell_0292,4,beta
human1_lib1.final_cell_0293,4,beta
human1_lib1.final_cell_0294,4,beta
human1_lib1.final_cell_0295,4,beta
human1_lib1.final_cell_0296,4,beta
human1_lib1.final_cell_0297,4,beta
human1_lib1.final_cell_0298,4,beta
human1_lib1.final_cell_0299,4,beta
human1_lib1.final_cell_0300,4,beta
human1_lib1.final_cell_0303,4,beta
human1_lib1.final_cell_0304,4,beta
human1_lib1.final_cell_0305,4,beta
human1_lib1.final_cell_0307,4,beta
human1_lib1.final_cell_0311,4,beta
human1_lib1.final_cell_0312,4,beta
human1_lib1.final_cell_0314,4,beta
human1_lib1.final_cell_0316,4,beta
human1_lib1.final_cell_0317,4,beta
human1_lib1.final_cell_0318,4,beta
human1_lib1.final_cell_0320,4,beta
human1_lib1.final_cell_0328,4,beta
human1_lib1.final_cell_0329,4,beta
human1_lib1.final_cell_0331,4,beta
human1_lib1.final_cell_0333,4,beta
human1_lib1.final_cell_0335,4,beta
human1_lib1.final_cell_0336,4,beta
human1_lib1.final_cell_0339,4,beta
human1_lib1.final_cell_0340,4,beta
human1_lib1.final_cell_0341,4,beta
human1_lib1.final_cell_0344,4,beta
human1_lib1.final_cell_0346,4,beta
human1_lib1.final_cell_0347,4,beta
human1_lib1.final_cell_0349,4,beta
human1_lib1.final_cell_0351,4,beta
human1_lib1.final_cell_0353,4,beta
human1_lib1.final_cell_0356,4,beta
human1_lib1.final_cell_0359,4,beta
human1_lib1.final_cell_0363,4,beta
human1_lib1.final_cell_0364,4,beta
human1_lib1.final_cell_0368,4,beta
human1_lib1.final_cell_0369,4,beta
human1_lib1.final_cell_0378,4,beta
human1_lib1.final_cell_0379,4,beta
human1_lib1.final_cell_0386,4,beta
human1_lib1.final_cell_0387,4,beta
human1_lib1.final_cell_0389,4,beta
human1_lib1.final_cell_0391,4,beta
human1_lib1.final_cell_0392,4,beta
human1_lib1.final_cell_0393,4,beta
human1_lib1.final_cell_0394,4,beta
human1_lib1.final_cell_0395,4,beta
human1_lib1.final_cell_0397,4,beta
human1_lib1.final_cell_0400,4,beta
human1_lib1.final_cell_0402,4,beta
human1_lib1.final_cell_0405,4,beta
human1_lib1.final_cell_0409,4,beta
human1_lib1.final_cell_0424,4,beta
human1_lib1.final_cell_0425,4,beta
human1_lib1.final_cell_0429,4,beta
human1_lib1.final_cell_0434,4,beta
human1_lib1.final_cell_0438,4,beta
human1_lib1.final_cell_0439,4,beta
human1_lib1.final_cell_0441,4,beta
human1_lib1.final_cell_0442,4,beta
human1_lib1.final_cell_0446,4,beta
human1_lib1.final_cell_0448,4,beta
human1_lib1.final_cell_0451,4,beta
human1_lib1.final_cell_0462,4,beta
human1_lib1.final_cell_0465,4,beta
human1_lib1.final_cell_0468,4,beta
human1_lib1.final_cell_0469,4,beta
human1_lib1.final_cell_0470,4,beta
human1_lib1.final_cell_0471,4,beta
human1_lib1.final_cell_0472,4,beta
human1_lib1.final_cell_0473,4,beta
human1_lib1.final_cell_0474,4,beta
human1_lib1.final_cell_0475,4,beta
human1_lib1.final_cell_0478,4,beta
human1_lib1.final_cell_0480,4,beta
human1_lib1.final_cell_0482,4,beta
human1_lib1.final_cell_0483,4,beta
human1_lib1.final_cell_0487,4,beta
human1_lib1.final_cell_0491,4,beta
human1_lib1.final_cell_0497,4,beta
human1_lib1.final_cell_0501,4,beta
human1_lib1.final_cell_0504,4,beta
human1_lib1.final_cell_0512,4,beta
human1_lib1.final_cell_0514,4,beta
human1_lib1.final_cell_0517,4,beta
human1_lib1.final_cell_0518,4,beta
human1_lib1.final_cell_0522,4,beta
human1_lib1.final_cell_0523,4,beta
human1_lib1.final_cell_0524,4,beta
human1_lib1.final_cell_0528,4,beta
human1_lib1.final_cell_0529,4,beta
human1_lib1.final_cell_0531,4,beta
human1_lib1.final_cell_0533,4,beta
human1_lib1.final_cell_0535,4,beta
human1_lib1.final_cell_0539,4,beta
human1_lib1.final_cell_0542,4,beta
human1_lib1.final_cell_0546,4,beta
human1_lib1.final_cell_0547,4,beta
human1_lib1.final_cell_0549,4,beta
human1_lib1.final_cell_0550,4,beta
human1_lib1.final_cell_0551,4,beta
human1_lib1.final_cell_0556,4,beta
human1_lib1.final_cell_0560,4,beta
human1_lib1.final_cell_0563,4,beta
human1_lib1.final_cell_0568,4,beta
human1_lib2.final_cell_0017,4,beta
human1_lib2.final_cell_0021,4,beta
human1_lib2.final_cell_0027,4,beta
human1_lib2.final_cell_0029,4,beta
human1_lib2.final_cell_0030,4,beta
human1_lib2.final_cell_0033,4,beta
human1_lib2.final_cell_0035,4,beta
human1_lib2.final_cell_0037,4,beta
human1_lib2.final_cell_0039,4,beta
human1_lib2.final_cell_0042,4,beta
human1_lib2.final_cell_0046,4,beta
human1_lib2.final_cell_0050,4,beta
human1_lib2.final_cell_0053,4,beta
human1_lib2.final_cell_0055,4,beta
human1_lib2.final_cell_0056,4,beta
human1_lib2.final_cell_0057,4,beta
human1_lib2.final_cell_0060,4,beta
human1_lib2.final_cell_0061,4,beta
human1_lib2.final_cell_0062,4,beta
human1_lib2.final_cell_0064,4,beta
human1_lib2.final_cell_0069,4,beta
human1_lib2.final_cell_0070,4,beta
human1_lib2.final_cell_0071,4,beta
human1_lib2.final_cell_0073,4,beta
human1_lib2.final_cell_0075,4,beta
human1_lib2.final_cell_0076,4,beta
human1_lib2.final_cell_0077,4,beta
human1_lib2.final_cell_0080,4,beta
human1_lib2.final_cell_0082,4,beta
human1_lib2.final_cell_0083,4,beta
human1_lib2.final_cell_0084,4,beta
human1_lib2.final_cell_0085,4,beta
human1_lib2.final_cell_0086,4,beta
human1_lib2.final_cell_0087,4,beta
human1_lib2.final_cell_0089,4,beta
human1_lib2.final_cell_0090,4,beta
human1_lib2.final_cell_0091,4,beta
human1_lib2.final_cell_0094,4,beta
human1_lib2.final_cell_0096,4,beta
human1_lib2.final_cell_0098,4,beta
human1_lib2.final_cell_0100,4,beta
human1_lib2.final_cell_0101,4,beta
human1_lib2.final_cell_0104,4,beta
human1_lib2.final_cell_0105,4,beta
human1_lib2.final_cell_0107,4,beta
human1_lib2.final_cell_0108,4,beta
human1_lib2.final_cell_0109,4,beta
human1_lib2.final_cell_0110,4,beta
human1_lib2.final_cell_0113,4,beta
human1_lib2.final_cell_0115,4,beta
human1_lib2.final_cell_0117,4,beta
human1_lib2.final_cell_0118,4,beta
human1_lib2.final_cell_0119,4,beta
human1_lib2.final_cell_0120,4,beta
human1_lib2.final_cell_0121,4,beta
human1_lib2.final_cell_0123,4,beta
human1_lib2.final_cell_0125,4,beta
human1_lib2.final_cell_0127,4,beta
human1_lib2.final_cell_0129,4,beta
human1_lib2.final_cell_0132,4,beta
human1_lib2.final_cell_0135,4,beta
human1_lib2.final_cell_0136,4,beta
human1_lib2.final_cell_0137,4,beta
human1_lib2.final_cell_0138,4,beta
human1_lib2.final_cell_0140,4,beta
human1_lib2.final_cell_0141,4,beta
human1_lib2.final_cell_0142,4,beta
human1_lib2.final_cell_0144,4,beta
human1_lib2.final_cell_0146,4,beta
human1_lib2.final_cell_0147,4,beta
human1_lib2.final_cell_0150,4,beta
human1_lib2.final_cell_0152,4,beta
human1_lib2.final_cell_0153,4,beta
human1_lib2.final_cell_0154,4,beta
human1_lib2.final_cell_0155,4,beta
human1_lib2.final_cell_0156,4,beta
human1_lib2.final_cell_0158,4,beta
human1_lib2.final_cell_0159,4,beta
human1_lib2.final_cell_0161,4,beta
human1_lib2.final_cell_0162,4,beta
human1_lib2.final_cell_0163,4,beta
human1_lib2.final_cell_0164,4,beta
human1_lib2.final_cell_0165,4,beta
human1_lib2.final_cell_0167,4,beta
human1_lib2.final_cell_0168,4,beta
human1_lib2.final_cell_0170,4,beta
human1_lib2.final_cell_0171,4,beta
human1_lib2.final_cell_0172,4,beta
human1_lib2.final_cell_0173,4,beta
human1_lib2.final_cell_0175,4,beta
human1_lib2.final_cell_0176,4,beta
human1_lib2.final_cell_0178,4,beta
human1_lib2.final_cell_0179,4,beta
human1_lib2.final_cell_0180,4,beta
human1_lib2.final_cell_0181,4,beta
human1_lib2.final_cell_0183,4,beta
human1_lib2.final_cell_0185,4,beta
human1_lib2.final_cell_0187,4,beta
human1_lib2.final_cell_0188,4,beta
human1_lib2.final_cell_0189,4,beta
human1_lib2.final_cell_0190,4,beta
human1_lib2.final_cell_0192,4,beta
human1_lib2.final_cell_0193,4,beta
human1_lib2.final_cell_0195,4,beta
human1_lib2.final_cell_0196,4,beta
human1_lib2.final_cell_0197,4,beta
human1_lib2.final_cell_0198,4,beta
human1_lib2.final_cell_0199,4,beta
human1_lib2.final_cell_0200,4,beta
human1_lib2.final_cell_0201,4,beta
human1_lib2.final_cell_0203,4,beta
human1_lib2.final_cell_0204,4,beta
human1_lib2.final_cell_0207,4,beta
human1_lib2.final_cell_0208,4,beta
human1_lib2.final_cell_0209,4,beta
human1_lib2.final_cell_0211,4,beta
human1_lib2.final_cell_0213,4,beta
human1_lib2.final_cell_0214,4,beta
human1_lib2.final_cell_0215,4,beta
human1_lib2.final_cell_0216,4,beta
human1_lib2.final_cell_0219,4,beta
human1_lib2.final_cell_0221,4,beta
human1_lib2.final_cell_0222,4,beta
human1_lib2.final_cell_0227,4,beta
human1_lib2.final_cell_0228,4,beta
human1_lib2.final_cell_0229,4,beta
human1_lib2.final_cell_0234,4,beta
human1_lib2.final_cell_0236,4,beta
human1_lib2.final_cell_0237,4,beta
human1_lib2.final_cell_0238,4,beta
human1_lib2.final_cell_0240,4,beta
human1_lib2.final_cell_0242,4,beta
human1_lib2.final_cell_0244,4,beta
human1_lib2.final_cell_0246,4,beta
human1_lib2.final_cell_0252,4,beta
human1_lib2.final_cell_0255,4,beta
human1_lib2.final_cell_0256,4,beta
human1_lib2.final_cell_0259,4,beta
human1_lib2.final_cell_0260,4,beta
human1_lib2.final_cell_0266,4,beta
human1_lib2.final_cell_0269,4,beta
human1_lib2.final_cell_0271,4,beta
human1_lib2.final_cell_0274,4,beta
human1_lib2.final_cell_0277,4,beta
human1_lib2.final_cell_0279,4,beta
human1_lib2.final_cell_0280,4,beta
human1_lib2.final_cell_0281,4,beta
human1_lib2.final_cell_0282,4,beta
human1_lib2.final_cell_0283,4,beta
human1_lib2.final_cell_0285,4,beta
human1_lib2.final_cell_0286,4,beta
human1_lib2.final_cell_0289,4,beta
human1_lib2.final_cell_0290,4,beta
human1_lib2.final_cell_0295,4,beta
human1_lib2.final_cell_0299,4,beta
human1_lib2.final_cell_0300,4,beta
human1_lib2.final_cell_0305,4,beta
human1_lib2.final_cell_0306,4,beta
human1_lib2.final_cell_0307,4,beta
human1_lib2.final_cell_0314,4,beta
human1_lib2.final_cell_0316,4,beta
human1_lib2.final_cell_0317,4,beta
human1_lib2.final_cell_0318,4,beta
human1_lib2.final_cell_0320,4,beta
human1_lib2.final_cell_0322,4,beta
human1_lib2.final_cell_0323,4,beta
human1_lib2.final_cell_0325,4,beta
human1_lib2.final_cell_0327,4,beta
human1_lib2.final_cell_0328,4,beta
human1_lib2.final_cell_0333,4,beta
human1_lib2.final_cell_0336,4,beta
human1_lib2.final_cell_0342,4,beta
human1_lib2.final_cell_0344,4,beta
human1_lib2.final_cell_0345,4,beta
human1_lib2.final_cell_0348,4,beta
human1_lib2.final_cell_0350,4,beta
human1_lib2.final_cell_0352,4,beta
human1_lib2.final_cell_0353,4,beta
human1_lib2.final_cell_0356,4,beta
human1_lib2.final_cell_0357,4,beta
human1_lib2.final_cell_0358,4,beta
human1_lib2.final_cell_0359,4,beta
human1_lib2.final_cell_0361,4,beta
human1_lib2.final_cell_0363,4,beta
human1_lib2.final_cell_0368,4,beta
human1_lib2.final_cell_0369,4,beta
human1_lib2.final_cell_0373,4,beta
human1_lib2.final_cell_0376,4,beta
human1_lib2.final_cell_0381,4,beta
human1_lib2.final_cell_0382,4,beta
human1_lib2.final_cell_0384,4,beta
human1_lib2.final_cell_0385,4,beta
human1_lib2.final_cell_0388,4,beta
human1_lib2.final_cell_0391,4,beta
human1_lib2.final_cell_0393,4,beta
human1_lib2.final_cell_0394,4,beta
human1_lib2.final_cell_0396,4,beta
human1_lib2.final_cell_0397,4,beta
human1_lib2.final_cell_0398,4,beta
human1_lib2.final_cell_0406,4,beta
human1_lib2.final_cell_0411,4,beta
human1_lib2.final_cell_0413,4,beta
human1_lib2.final_cell_0414,4,beta
human1_lib2.final_cell_0415,4,beta
human1_lib2.final_cell_0416,4,beta
human1_lib2.final_cell_0422,4,beta
human1_lib2.final_cell_0427,4,beta
human1_lib2.final_cell_0429,4,beta
human1_lib2.final_cell_0433,4,beta
human1_lib2.final_cell_0434,4,beta
human1_lib2.final_cell_0438,4,beta
human1_lib2.final_cell_0440,4,beta
human1_lib2.final_cell_0442,4,beta
human1_lib2.final_cell_0444,4,beta
human1_lib2.final_cell_0445,4,beta
human1_lib2.final_cell_0446,4,beta
human1_lib2.final_cell_0447,4,beta
human1_lib2.final_cell_0449,4,beta
human1_lib2.final_cell_0450,4,beta
human1_lib2.final_cell_0453,4,beta
human1_lib2.final_cell_0454,4,beta
human1_lib2.final_cell_0464,4,beta
human1_lib2.final_cell_0467,4,beta
human1_lib2.final_cell_0477,4,beta
human1_lib2.final_cell_0479,4,beta
human1_lib2.final_cell_0480,4,beta
human1_lib2.final_cell_0483,4,beta
human1_lib2.final_cell_0485,4,beta
human1_lib2.final_cell_0489,4,beta
human1_lib2.final_cell_0495,4,beta
human1_lib2.final_cell_0503,4,beta
human1_lib2.final_cell_0506,4,beta
human1_lib2.final_cell_0508,4,beta
human1_lib2.final_cell_0509,4,beta
human1_lib2.final_cell_0512,4,beta
human1_lib2.final_cell_0516,4,beta
human1_lib2.final_cell_0518,4,beta
human1_lib2.final_cell_0521,4,beta
human1_lib2.final_cell_0522,4,beta
human1_lib2.final_cell_0523,4,beta
human1_lib2.final_cell_0524,4,beta
human1_lib2.final_cell_0529,4,beta
human1_lib2.final_cell_0531,4,beta
human1_lib2.final_cell_0534,4,beta
human1_lib2.final_cell_0536,4,beta
human1_lib2.final_cell_0538,4,beta
human1_lib2.final_cell_0540,4,beta
human1_lib2.final_cell_0541,4,beta
human1_lib2.final_cell_0545,4,beta
human1_lib2.final_cell_0546,4,beta
human1_lib2.final_cell_0548,4,beta
human1_lib2.final_cell_0551,4,beta
human1_lib2.final_cell_0553,4,beta
human1_lib2.final_cell_0556,4,beta
human1_lib2.final_cell_0557,4,beta
human1_lib2.final_cell_0558,4,beta
human1_lib2.final_cell_0560,4,beta
human1_lib2.final_cell_0564,4,beta
human1_lib2.final_cell_0573,4,beta
human1_lib2.final_cell_0576,4,beta
human1_lib2.final_cell_0585,4,beta
human1_lib2.final_cell_0588,4,beta
human1_lib2.final_cell_0589,4,beta
human1_lib2.final_cell_0597,4,beta
human1_lib2.final_cell_0599,4,beta
human1_lib2.final_cell_0602,4,beta
human1_lib2.final_cell_0603,4,beta
human1_lib2.final_cell_0604,4,beta
human1_lib2.final_cell_0605,4,beta
human1_lib2.final_cell_0606,4,beta
human1_lib2.final_cell_0609,4,beta
human1_lib2.final_cell_0614,4,beta
human1_lib2.final_cell_0615,4,beta
human1_lib2.final_cell_0624,4,beta
human1_lib3.final_cell_0012,4,beta
human1_lib3.final_cell_0018,4,beta
human1_lib3.final_cell_0024,4,beta
human1_lib3.final_cell_0027,4,beta
human1_lib3.final_cell_0033,4,beta
human1_lib3.final_cell_0034,4,beta
human1_lib3.final_cell_0035,4,beta
human1_lib3.final_cell_0037,4,beta
human1_lib3.final_cell_0038,4,beta
human1_lib3.final_cell_0039,4,beta
human1_lib3.final_cell_0047,4,beta
human1_lib3.final_cell_0051,4,beta
human1_lib3.final_cell_0052,4,beta
human1_lib3.final_cell_0053,4,beta
human1_lib3.final_cell_0059,4,beta
human1_lib3.final_cell_0060,4,beta
human1_lib3.final_cell_0063,4,beta
human1_lib3.final_cell_0065,4,beta
human1_lib3.final_cell_0069,4,beta
human1_lib3.final_cell_0071,4,beta
human1_lib3.final_cell_0072,4,beta
human1_lib3.final_cell_0076,4,beta
human1_lib3.final_cell_0079,4,beta
human1_lib3.final_cell_0081,4,beta
human1_lib3.final_cell_0085,4,beta
human1_lib3.final_cell_0086,4,beta
human1_lib3.final_cell_0087,4,beta
human1_lib3.final_cell_0088,4,beta
human1_lib3.final_cell_0089,4,beta
human1_lib3.final_cell_0090,4,beta
human1_lib3.final_cell_0091,4,beta
human1_lib3.final_cell_0092,4,beta
human1_lib3.final_cell_0094,4,beta
human1_lib3.final_cell_0095,4,beta
human1_lib3.final_cell_0097,4,beta
human1_lib3.final_cell_0098,4,beta
human1_lib3.final_cell_0099,4,beta
human1_lib3.final_cell_0103,4,beta
human1_lib3.final_cell_0105,4,beta
human1_lib3.final_cell_0107,4,beta
human1_lib3.final_cell_0108,4,beta
human1_lib3.final_cell_0117,4,beta
human1_lib3.final_cell_0119,4,beta
human1_lib3.final_cell_0120,4,beta
human1_lib3.final_cell_0121,4,beta
human1_lib3.final_cell_0122,4,beta
human1_lib3.final_cell_0124,4,beta
human1_lib3.final_cell_0125,4,beta
human1_lib3.final_cell_0126,4,beta
human1_lib3.final_cell_0127,4,beta
human1_lib3.final_cell_0128,4,beta
human1_lib3.final_cell_0131,4,beta
human1_lib3.final_cell_0132,4,beta
human1_lib3.final_cell_0133,4,beta
human1_lib3.final_cell_0134,4,beta
human1_lib3.final_cell_0136,4,beta
human1_lib3.final_cell_0137,4,beta
human1_lib3.final_cell_0138,4,beta
human1_lib3.final_cell_0140,4,beta
human1_lib3.final_cell_0142,4,beta
human1_lib3.final_cell_0144,4,beta
human1_lib3.final_cell_0145,4,beta
human1_lib3.final_cell_0148,4,beta
human1_lib3.final_cell_0149,4,beta
human1_lib3.final_cell_0153,4,beta
human1_lib3.final_cell_0157,4,beta
human1_lib3.final_cell_0158,4,beta
human1_lib3.final_cell_0159,4,beta
human1_lib3.final_cell_0160,4,beta
human1_lib3.final_cell_0162,4,beta
human1_lib3.final_cell_0164,4,beta
human1_lib3.final_cell_0165,4,beta
human1_lib3.final_cell_0166,4,beta
human1_lib3.final_cell_0167,4,beta
human1_lib3.final_cell_0168,4,beta
human1_lib3.final_cell_0169,4,beta
human1_lib3.final_cell_0172,4,beta
human1_lib3.final_cell_0173,4,beta
human1_lib3.final_cell_0175,4,beta
human1_lib3.final_cell_0176,4,beta
human1_lib3.final_cell_0182,4,beta
human1_lib3.final_cell_0186,4,beta
human1_lib3.final_cell_0187,4,beta
human1_lib3.final_cell_0192,4,beta
human1_lib3.final_cell_0194,4,beta
human1_lib3.final_cell_0196,4,beta
human1_lib3.final_cell_0198,4,beta
human1_lib3.final_cell_0200,4,beta
human1_lib3.final_cell_0202,4,beta
human1_lib3.final_cell_0207,4,beta
human1_lib3.final_cell_0208,4,beta
human1_lib3.final_cell_0211,4,beta
human1_lib3.final_cell_0212,4,beta
human1_lib3.final_cell_0214,4,beta
human1_lib3.final_cell_0215,4,beta
human1_lib3.final_cell_0219,4,beta
human1_lib3.final_cell_0220,4,beta
human1_lib3.final_cell_0221,4,beta
human1_lib3.final_cell_0222,4,beta
human1_lib3.final_cell_0224,4,beta
human1_lib3.final_cell_0225,4,beta
human1_lib3.final_cell_0227,4,beta
human1_lib3.final_cell_0228,4,beta
human1_lib3.final_cell_0230,4,beta
human1_lib3.final_cell_0233,4,beta
human1_lib3.final_cell_0234,4,beta
human1_lib3.final_cell_0237,4,beta
human1_lib3.final_cell_0239,4,beta
human1_lib3.final_cell_0240,4,beta
human1_lib3.final_cell_0244,4,beta
human1_lib3.final_cell_0250,4,beta
human1_lib3.final_cell_0254,4,beta
human1_lib3.final_cell_0256,4,beta
human1_lib3.final_cell_0259,4,beta
human1_lib3.final_cell_0261,4,beta
human1_lib3.final_cell_0262,4,beta
human1_lib3.final_cell_0263,4,beta
human1_lib3.final_cell_0265,4,beta
human1_lib3.final_cell_0266,4,beta
human1_lib3.final_cell_0268,4,beta
human1_lib3.final_cell_0272,4,beta
human1_lib3.final_cell_0276,4,beta
human1_lib3.final_cell_0277,4,beta
human1_lib3.final_cell_0280,4,beta
human1_lib3.final_cell_0283,4,beta
human1_lib3.final_cell_0284,4,beta
human1_lib3.final_cell_0285,4,beta
human1_lib3.final_cell_0286,4,beta
human1_lib3.final_cell_0287,4,beta
human1_lib3.final_cell_0290,4,beta
human1_lib3.final_cell_0295,4,beta
human1_lib3.final_cell_0296,4,beta
human1_lib3.final_cell_0297,4,beta
human1_lib3.final_cell_0300,4,beta
human1_lib3.final_cell_0301,4,beta
human1_lib3.final_cell_0302,4,beta
human1_lib3.final_cell_0303,4,beta
human1_lib3.final_cell_0304,4,beta
human1_lib3.final_cell_0306,4,beta
human1_lib3.final_cell_0307,4,beta
human1_lib3.final_cell_0308,4,beta
human1_lib3.final_cell_0310,4,beta
human1_lib3.final_cell_0312,4,beta
human1_lib3.final_cell_0314,4,beta
human1_lib3.final_cell_0317,4,beta
human1_lib3.final_cell_0318,4,beta
human1_lib3.final_cell_0320,4,beta
human1_lib3.final_cell_0321,4,beta
human1_lib3.final_cell_0322,4,beta
human1_lib3.final_cell_0323,4,beta
human1_lib3.final_cell_0324,4,beta
human1_lib3.final_cell_0325,4,beta
human1_lib3.final_cell_0331,4,beta
human1_lib3.final_cell_0332,4,beta
human1_lib3.final_cell_0333,4,beta
human1_lib3.final_cell_0334,4,beta
human1_lib3.final_cell_0335,4,beta
human1_lib3.final_cell_0336,4,beta
human1_lib3.final_cell_0338,4,beta
human1_lib3.final_cell_0339,4,beta
human1_lib3.final_cell_0342,4,beta
human1_lib3.final_cell_0345,4,beta
human1_lib3.final_cell_0347,4,beta
human1_lib3.final_cell_0348,4,beta
human1_lib3.final_cell_0349,4,beta
human1_lib3.final_cell_0350,4,beta
human1_lib3.final_cell_0352,4,beta
human1_lib3.final_cell_0354,4,beta
human1_lib3.final_cell_0355,4,beta
human1_lib3.final_cell_0358,4,beta
human1_lib3.final_cell_0359,4,beta
human1_lib3.final_cell_0363,4,beta
human1_lib3.final_cell_0364,4,beta
human1_lib3.final_cell_0368,4,beta
human1_lib3.final_cell_0370,4,beta
human1_lib3.final_cell_0373,4,beta
human1_lib3.final_cell_0374,4,beta
human1_lib3.final_cell_0375,4,beta
human1_lib3.final_cell_0376,4,beta
human1_lib3.final_cell_0377,4,beta
human1_lib3.final_cell_0378,4,beta
human1_lib3.final_cell_0380,4,beta
human1_lib3.final_cell_0382,4,beta
human1_lib3.final_cell_0383,4,beta
human1_lib3.final_cell_0387,4,beta
human1_lib3.final_cell_0388,4,beta
human1_lib3.final_cell_0389,4,beta
human1_lib3.final_cell_0394,4,beta
human1_lib3.final_cell_0396,4,beta
human1_lib3.final_cell_0398,4,beta
human1_lib3.final_cell_0399,4,beta
human1_lib3.final_cell_0400,4,beta
human1_lib3.final_cell_0404,4,beta
human1_lib3.final_cell_0405,4,beta
human1_lib3.final_cell_0406,4,beta
human1_lib3.final_cell_0410,4,beta
human1_lib3.final_cell_0413,4,beta
human1_lib3.final_cell_0416,4,beta
human1_lib3.final_cell_0421,4,beta
human1_lib3.final_cell_0422,4,beta
human1_lib3.final_cell_0423,4,beta
human1_lib3.final_cell_0432,4,beta
human1_lib3.final_cell_0433,4,beta
human1_lib3.final_cell_0434,4,beta
human1_lib3.final_cell_0435,4,beta
human1_lib3.final_cell_0437,4,beta
human1_lib3.final_cell_0440,4,beta
human1_lib3.final_cell_0441,4,beta
human1_lib3.final_cell_0443,4,beta
human1_lib3.final_cell_0446,4,beta
human1_lib3.final_cell_0452,4,beta
human1_lib3.final_cell_0453,4,beta
human1_lib3.final_cell_0455,4,beta
human1_lib3.final_cell_0456,4,beta
human1_lib3.final_cell_0458,4,beta
human1_lib3.final_cell_0462,4,beta
human1_lib3.final_cell_0464,4,beta
human1_lib3.final_cell_0466,4,beta
human1_lib3.final_cell_0467,4,beta
human1_lib3.final_cell_0470,4,beta
human1_lib3.final_cell_0472,4,beta
human1_lib3.final_cell_0476,4,beta
human1_lib3.final_cell_0477,4,beta
human1_lib3.final_cell_0479,4,beta
human1_lib3.final_cell_0480,4,beta
human1_lib3.final_cell_0485,4,beta
human1_lib3.final_cell_0486,4,beta
human1_lib3.final_cell_0488,4,beta
human1_lib3.final_cell_0491,4,beta
human1_lib3.final_cell_0492,4,beta
human1_lib3.final_cell_0493,4,beta
human1_lib3.final_cell_0495,4,beta
human1_lib3.final_cell_0496,4,beta
human1_lib3.final_cell_0501,4,beta
human1_lib3.final_cell_0502,4,beta
human1_lib3.final_cell_0504,4,beta
human1_lib3.final_cell_0507,4,beta
human1_lib3.final_cell_0509,4,beta
human1_lib3.final_cell_0512,4,beta
human1_lib3.final_cell_0513,4,beta
human1_lib3.final_cell_0515,4,beta
human1_lib3.final_cell_0517,4,beta
human1_lib3.final_cell_0521,4,beta
human1_lib3.final_cell_0522,4,beta
human1_lib3.final_cell_0525,4,beta
human1_lib3.final_cell_0526,4,beta
human1_lib3.final_cell_0527,4,beta
human1_lib3.final_cell_0528,4,beta
human1_lib3.final_cell_0531,4,beta
human1_lib3.final_cell_0538,4,beta
human1_lib3.final_cell_0542,4,beta
human1_lib3.final_cell_0543,4,beta
human1_lib3.final_cell_0545,4,beta
human1_lib3.final_cell_0549,4,beta
human1_lib3.final_cell_0550,4,beta
human1_lib3.final_cell_0551,4,beta
human1_lib3.final_cell_0553,4,beta
human1_lib3.final_cell_0554,4,beta
human1_lib3.final_cell_0556,4,beta
human1_lib3.final_cell_0557,4,beta
human1_lib3.final_cell_0559,4,beta
human1_lib3.final_cell_0561,4,beta
human1_lib3.final_cell_0563,4,beta
human1_lib3.final_cell_0564,4,beta
human1_lib3.final_cell_0565,4,beta
human1_lib3.final_cell_0566,4,beta
human1_lib3.final_cell_0570,4,beta
human1_lib3.final_cell_0573,4,beta
human1_lib3.final_cell_0577,4,beta
human1_lib3.final_cell_0579,4,beta
human1_lib3.final_cell_0580,4,beta
human1_lib3.final_cell_0581,4,beta
human1_lib3.final_cell_0583,4,beta
human1_lib3.final_cell_0588,4,beta
human1_lib3.final_cell_0592,4,beta
human1_lib3.final_cell_0593,4,beta
human1_lib3.final_cell_0596,4,beta
human1_lib3.final_cell_0607,4,beta
human1_lib3.final_cell_0608,4,beta
human1_lib3.final_cell_0609,4,beta
human1_lib3.final_cell_0612,4,beta
human1_lib3.final_cell_0617,4,beta
human1_lib3.final_cell_0619,4,beta
human1_lib3.final_cell_0620,4,beta
human1_lib3.final_cell_0626,4,beta
human1_lib3.final_cell_0629,4,beta
human1_lib3.final_cell_0633,4,beta
human1_lib3.final_cell_0634,4,beta
human1_lib3.final_cell_0639,4,beta
human1_lib3.final_cell_0642,4,beta
human1_lib3.final_cell_0643,4,beta
human1_lib3.final_cell_0644,4,beta
human1_lib3.final_cell_0645,4,beta
human1_lib3.final_cell_0646,4,beta
human1_lib3.final_cell_0647,4,beta
human1_lib3.final_cell_0648,4,beta
human1_lib3.final_cell_0651,4,beta
human1_lib3.final_cell_0652,4,beta
human1_lib3.final_cell_0653,4,beta
human1_lib3.final_cell_0654,4,beta
human1_lib3.final_cell_0658,4,beta
human1_lib3.final_cell_0659,4,beta
human1_lib3.final_cell_0663,4,beta
human1_lib3.final_cell_0666,4,beta
human1_lib3.final_cell_0667,4,beta
human1_lib3.final_cell_0669,4,beta
human1_lib3.final_cell_0670,4,beta
human1_lib3.final_cell_0672,4,beta
human1_lib3.final_cell_0682,4,beta
human1_lib3.final_cell_0688,4,beta
human1_lib3.final_cell_0689,4,beta
human1_lib3.final_cell_0696,4,beta
human1_lib3.final_cell_0700,4,beta
human1_lib3.final_cell_0701,4,beta
human1_lib3.final_cell_0702,4,beta
human1_lib3.final_cell_0703,4,beta
human1_lib3.final_cell_0705,4,beta
human1_lib3.final_cell_0706,4,beta
human1_lib3.final_cell_0707,4,beta
human1_lib3.final_cell_0709,4,beta
human1_lib3.final_cell_0713,4,beta
human1_lib3.final_cell_0715,4,beta
human1_lib3.final_cell_0716,4,beta
human1_lib3.final_cell_0717,4,beta
human1_lib3.final_cell_0718,4,beta
human1_lib3.final_cell_0719,4,beta
human1_lib3.final_cell_0724,4,beta
human1_lib3.final_cell_0725,4,beta
human1_lib3.final_cell_0729,4,beta
human1_lib3.final_cell_0730,4,beta
human1_lib3.final_cell_0732,4,beta
human1_lib3.final_cell_0733,4,beta
human1_lib3.final_cell_0734,4,beta
human1_lib3.final_cell_0737,4,beta
human1_lib3.final_cell_0739,4,beta
human1_lib2.final_cell_0621,4,delta
human1_lib3.final_cell_0540,4,delta
human1_lib3.final_cell_0571,4,delta
human1_lib1.final_cell_0315,5,beta
human1_lib1.final_cell_0309,5,epsilon
human1_lib1.final_cell_0323,5,epsilon
human1_lib2.final_cell_0365,5,epsilon
human1_lib2.final_cell_0497,5,epsilon
human1_lib3.final_cell_0457,5,epsilon
human1_lib3.final_cell_0463,5,epsilon
human1_lib3.final_cell_0532,5,epsilon
human1_lib3.final_cell_0584,5,epsilon
human1_lib3.final_cell_0594,5,epsilon
human1_lib3.final_cell_0684,5,epsilon
human1_lib3.final_cell_0692,5,epsilon
human1_lib1.final_cell_0163,5,gamma
human1_lib1.final_cell_0197,5,gamma
human1_lib1.final_cell_0222,5,gamma
human1_lib1.final_cell_0256,5,gamma
human1_lib1.final_cell_0265,5,gamma
human1_lib1.final_cell_0277,5,gamma
human1_lib1.final_cell_0301,5,gamma
human1_lib1.final_cell_0308,5,gamma
human1_lib1.final_cell_0313,5,gamma
human1_lib1.final_cell_0352,5,gamma
human1_lib1.final_cell_0354,5,gamma
human1_lib1.final_cell_0362,5,gamma
human1_lib1.final_cell_0367,5,gamma
human1_lib1.final_cell_0373,5,gamma
human1_lib1.final_cell_0388,5,gamma
human1_lib1.final_cell_0403,5,gamma
human1_lib1.final_cell_0421,5,gamma
human1_lib1.final_cell_0426,5,gamma
human1_lib1.final_cell_0431,5,gamma
human1_lib1.final_cell_0454,5,gamma
human1_lib1.final_cell_0476,5,gamma
human1_lib1.final_cell_0479,5,gamma
human1_lib1.final_cell_0484,5,gamma
human1_lib1.final_cell_0511,5,gamma
human1_lib1.final_cell_0516,5,gamma
human1_lib1.final_cell_0521,5,gamma
human1_lib2.final_cell_0032,5,gamma
human1_lib2.final_cell_0202,5,gamma
human1_lib2.final_cell_0226,5,gamma
human1_lib2.final_cell_0233,5,gamma
human1_lib2.final_cell_0264,5,gamma
human1_lib2.final_cell_0270,5,gamma
human1_lib2.final_cell_0288,5,gamma
human1_lib2.final_cell_0334,5,gamma
human1_lib2.final_cell_0337,5,gamma
human1_lib2.final_cell_0340,5,gamma
human1_lib2.final_cell_0354,5,gamma
human1_lib2.final_cell_0364,5,gamma
human1_lib2.final_cell_0379,5,gamma
human1_lib2.final_cell_0428,5,gamma
human1_lib2.final_cell_0456,5,gamma
human1_lib2.final_cell_0458,5,gamma
human1_lib2.final_cell_0474,5,gamma
human1_lib2.final_cell_0500,5,gamma
human1_lib2.final_cell_0507,5,gamma
human1_lib2.final_cell_0513,5,gamma
human1_lib2.final_cell_0549,5,gamma
human1_lib2.final_cell_0554,5,gamma
human1_lib2.final_cell_0583,5,gamma
human1_lib3.final_cell_0177,5,gamma
human1_lib3.final_cell_0191,5,gamma
human1_lib3.final_cell_0249,5,gamma
human1_lib3.final_cell_0260,5,gamma
human1_lib3.final_cell_0311,5,gamma
human1_lib3.final_cell_0337,5,gamma
human1_lib3.final_cell_0340,5,gamma
human1_lib3.final_cell_0360,5,gamma
human1_lib3.final_cell_0362,5,gamma
human1_lib3.final_cell_0408,5,gamma
human1_lib3.final_cell_0415,5,gamma
human1_lib3.final_cell_0420,5,gamma
human1_lib3.final_cell_0424,5,gamma
human1_lib3.final_cell_0442,5,gamma
human1_lib3.final_cell_0451,5,gamma
human1_lib3.final_cell_0468,5,gamma
human1_lib3.final_cell_0478,5,gamma
human1_lib3.final_cell_0500,5,gamma
human1_lib3.final_cell_0572,5,gamma
human1_lib3.final_cell_0683,5,gamma
human1_lib3.final_cell_0695,5,gamma
human1_lib3.final_cell_0721,5,t_cell
human1_lib1.final_cell_0022,6,alpha
human1_lib1.final_cell_0026,6,alpha
human1_lib1.final_cell_0062,6,alpha
human1_lib1.final_cell_0067,6,alpha
human1_lib1.final_cell_0070,6,alpha
human1_lib1.final_cell_0102,6,alpha
human1_lib1.final_cell_0103,6,alpha
human1_lib1.final_cell_0131,6,alpha
human1_lib1.final_cell_0132,6,alpha
human1_lib1.final_cell_0135,6,alpha
human1_lib1.final_cell_0138,6,alpha
human1_lib1.final_cell_0159,6,alpha
human1_lib1.final_cell_0161,6,alpha
human1_lib1.final_cell_0183,6,alpha
human1_lib1.final_cell_0185,6,alpha
human1_lib1.final_cell_0187,6,alpha
human1_lib1.final_cell_0191,6,alpha
human1_lib1.final_cell_0198,6,alpha
human1_lib1.final_cell_0202,6,alpha
human1_lib1.final_cell_0205,6,alpha
human1_lib1.final_cell_0208,6,alpha
human1_lib1.final_cell_0212,6,alpha
human1_lib1.final_cell_0226,6,alpha
human1_lib1.final_cell_0245,6,alpha
human1_lib1.final_cell_0248,6,alpha
human1_lib1.final_cell_0257,6,alpha
human1_lib1.final_cell_0263,6,alpha
human1_lib1.final_cell_0270,6,alpha
human1_lib1.final_cell_0272,6,alpha
human1_lib1.final_cell_0274,6,alpha
human1_lib1.final_cell_0279,6,alpha
human1_lib1.final_cell_0280,6,alpha
human1_lib1.final_cell_0285,6,alpha
human1_lib1.final_cell_0322,6,alpha
human1_lib1.final_cell_0324,6,alpha
human1_lib1.final_cell_0326,6,alpha
human1_lib1.final_cell_0327,6,alpha
human1_lib1.final_cell_0332,6,alpha
human1_lib1.final_cell_0334,6,alpha
human1_lib1.final_cell_0345,6,alpha
human1_lib1.final_cell_0348,6,alpha
human1_lib1.final_cell_0357,6,alpha
human1_lib1.final_cell_0365,6,alpha
human1_lib1.final_cell_0366,6,alpha
human1_lib1.final_cell_0381,6,alpha
human1_lib1.final_cell_0385,6,alpha
human1_lib1.final_cell_0390,6,alpha
human1_lib1.final_cell_0401,6,alpha
human1_lib1.final_cell_0406,6,alpha
human1_lib1.final_cell_0414,6,alpha
human1_lib1.final_cell_0433,6,alpha
human1_lib1.final_cell_0435,6,alpha
human1_lib1.final_cell_0458,6,alpha
human1_lib1.final_cell_0492,6,alpha
human1_lib1.final_cell_0494,6,alpha
human1_lib1.final_cell_0502,6,alpha
human1_lib1.final_cell_0506,6,alpha
human1_lib1.final_cell_0519,6,alpha
human1_lib1.final_cell_0543,6,alpha
human1_lib1.final_cell_0566,6,alpha
human1_lib2.final_cell_0011,6,alpha
human1_lib2.final_cell_0023,6,alpha
human1_lib2.final_cell_0038,6,alpha
human1_lib2.final_cell_0049,6,alpha
human1_lib2.final_cell_0051,6,alpha
human1_lib2.final_cell_0052,6,alpha
human1_lib2.final_cell_0065,6,alpha
human1_lib2.final_cell_0092,6,alpha
human1_lib2.final_cell_0114,6,alpha
human1_lib2.final_cell_0131,6,alpha
human1_lib2.final_cell_0174,6,alpha
human1_lib2.final_cell_0186,6,alpha
human1_lib2.final_cell_0220,6,alpha
human1_lib2.final_cell_0224,6,alpha
human1_lib2.final_cell_0231,6,alpha
human1_lib2.final_cell_0235,6,alpha
human1_lib2.final_cell_0245,6,alpha
human1_lib2.final_cell_0247,6,alpha
human1_lib2.final_cell_0248,6,alpha
human1_lib2.final_cell_0250,6,alpha
human1_lib2.final_cell_0253,6,alpha
human1_lib2.final_cell_0261,6,alpha
human1_lib2.final_cell_0262,6,alpha
human1_lib2.final_cell_0265,6,alpha
human1_lib2.final_cell_0267,6,alpha
human1_lib2.final_cell_0275,6,alpha
human1_lib2.final_cell_0284,6,alpha
human1_lib2.final_cell_0291,6,alpha
human1_lib2.final_cell_0294,6,alpha
human1_lib2.final_cell_0296,6,alpha
human1_lib2.final_cell_0297,6,alpha
human1_lib2.final_cell_0298,6,alpha
human1_lib2.final_cell_0301,6,alpha
human1_lib2.final_cell_0302,6,alpha
human1_lib2.final_cell_0304,6,alpha
human1_lib2.final_cell_0308,6,alpha
human1_lib2.final_cell_0311,6,alpha
human1_lib2.final_cell_0312,6,alpha
human1_lib2.final_cell_0331,6,alpha
human1_lib2.final_cell_0339,6,alpha
human1_lib2.final_cell_0341,6,alpha
human1_lib2.final_cell_0349,6,alpha
human1_lib2.final_cell_0351,6,alpha
human1_lib2.final_cell_0355,6,alpha
human1_lib2.final_cell_0367,6,alpha
human1_lib2.final_cell_0371,6,alpha
human1_lib2.final_cell_0378,6,alpha
human1_lib2.final_cell_0386,6,alpha
human1_lib2.final_cell_0390,6,alpha
human1_lib2.final_cell_0399,6,alpha
human1_lib2.final_cell_0400,6,alpha
human1_lib2.final_cell_0401,6,alpha
human1_lib2.final_cell_0403,6,alpha
human1_lib2.final_cell_0409,6,alpha
human1_lib2.final_cell_0423,6,alpha
human1_lib2.final_cell_0426,6,alpha
human1_lib2.final_cell_0432,6,alpha
human1_lib2.final_cell_0435,6,alpha
human1_lib2.final_cell_0439,6,alpha
human1_lib2.final_cell_0457,6,alpha
human1_lib2.final_cell_0459,6,alpha
human1_lib2.final_cell_0481,6,alpha
human1_lib2.final_cell_0482,6,alpha
human1_lib2.final_cell_0486,6,alpha
human1_lib2.final_cell_0492,6,alpha
human1_lib2.final_cell_0502,6,alpha
human1_lib2.final_cell_0504,6,alpha
human1_lib2.final_cell_0511,6,alpha
human1_lib2.final_cell_0514,6,alpha
human1_lib2.final_cell_0515,6,alpha
human1_lib2.final_cell_0527,6,alpha
human1_lib2.final_cell_0543,6,alpha
human1_lib2.final_cell_0561,6,alpha
human1_lib2.final_cell_0565,6,alpha
human1_lib2.final_cell_0579,6,alpha
human1_lib2.final_cell_0581,6,alpha
human1_lib2.final_cell_0591,6,alpha
human1_lib2.final_cell_0608,6,alpha
human1_lib2.final_cell_0613,6,alpha
human1_lib2.final_cell_0623,6,alpha
human1_lib2.final_cell_0628,6,alpha
human1_lib3.final_cell_0049,6,alpha
human1_lib3.final_cell_0080,6,alpha
human1_lib3.final_cell_0083,6,alpha
human1_lib3.final_cell_0084,6,alpha
human1_lib3.final_cell_0100,6,alpha
human1_lib3.final_cell_0102,6,alpha
human1_lib3.final_cell_0123,6,alpha
human1_lib3.final_cell_0129,6,alpha
human1_lib3.final_cell_0147,6,alpha
human1_lib3.final_cell_0154,6,alpha
human1_lib3.final_cell_0170,6,alpha
human1_lib3.final_cell_0174,6,alpha
human1_lib3.final_cell_0180,6,alpha
human1_lib3.final_cell_0185,6,alpha
human1_lib3.final_cell_0190,6,alpha
human1_lib3.final_cell_0199,6,alpha
human1_lib3.final_cell_0203,6,alpha
human1_lib3.final_cell_0210,6,alpha
human1_lib3.final_cell_0226,6,alpha
human1_lib3.final_cell_0229,6,alpha
human1_lib3.final_cell_0238,6,alpha
human1_lib3.final_cell_0242,6,alpha
human1_lib3.final_cell_0245,6,alpha
human1_lib3.final_cell_0248,6,alpha
human1_lib3.final_cell_0267,6,alpha
human1_lib3.final_cell_0269,6,alpha
human1_lib3.final_cell_0273,6,alpha
human1_lib3.final_cell_0275,6,alpha
human1_lib3.final_cell_0281,6,alpha
human1_lib3.final_cell_0289,6,alpha
human1_lib3.final_cell_0293,6,alpha
human1_lib3.final_cell_0294,6,alpha
human1_lib3.final_cell_0299,6,alpha
human1_lib3.final_cell_0309,6,alpha
human1_lib3.final_cell_0315,6,alpha
human1_lib3.final_cell_0316,6,alpha
human1_lib3.final_cell_0330,6,alpha
human1_lib3.final_cell_0341,6,alpha
human1_lib3.final_cell_0343,6,alpha
human1_lib3.final_cell_0344,6,alpha
human1_lib3.final_cell_0356,6,alpha
human1_lib3.final_cell_0361,6,alpha
human1_lib3.final_cell_0365,6,alpha
human1_lib3.final_cell_0366,6,alpha
human1_lib3.final_cell_0369,6,alpha
human1_lib3.final_cell_0381,6,alpha
human1_lib3.final_cell_0384,6,alpha
human1_lib3.final_cell_0390,6,alpha
human1_lib3.final_cell_0391,6,alpha
human1_lib3.final_cell_0392,6,alpha
human1_lib3.final_cell_0393,6,alpha
human1_lib3.final_cell_0395,6,alpha
human1_lib3.final_cell_0397,6,alpha
human1_lib3.final_cell_0401,6,alpha
human1_lib3.final_cell_0403,6,alpha
human1_lib3.final_cell_0407,6,alpha
human1_lib3.final_cell_0426,6,alpha
human1_lib3.final_cell_0430,6,alpha
human1_lib3.final_cell_0436,6,alpha
human1_lib3.final_cell_0459,6,alpha
human1_lib3.final_cell_0460,6,alpha
human1_lib3.final_cell_0465,6,alpha
human1_lib3.final_cell_0471,6,alpha
human1_lib3.final_cell_0473,6,alpha
human1_lib3.final_cell_0475,6,alpha
human1_lib3.final_cell_0487,6,alpha
human1_lib3.final_cell_0489,6,alpha
human1_lib3.final_cell_0490,6,alpha
human1_lib3.final_cell_0494,6,alpha
human1_lib3.final_cell_0498,6,alpha
human1_lib3.final_cell_0505,6,alpha
human1_lib3.final_cell_0514,6,alpha
human1_lib3.final_cell_0518,6,alpha
human1_lib3.final_cell_0529,6,alpha
human1_lib3.final_cell_0535,6,alpha
human1_lib3.final_cell_0536,6,alpha
human1_lib3.final_cell_0568,6,alpha
human1_lib3.final_cell_0576,6,alpha
human1_lib3.final_cell_0587,6,alpha
human1_lib3.final_cell_0599,6,alpha
human1_lib3.final_cell_0605,6,alpha
human1_lib3.final_cell_0616,6,alpha
human1_lib3.final_cell_0636,6,alpha
human1_lib3.final_cell_0655,6,alpha
human1_lib3.final_cell_0660,6,alpha
human1_lib3.final_cell_0668,6,alpha
human1_lib3.final_cell_0674,6,alpha
human1_lib3.final_cell_0677,6,alpha
human1_lib3.final_cell_0678,6,alpha
human1_lib3.final_cell_0686,6,alpha
human1_lib3.final_cell_0699,6,alpha
human1_lib3.final_cell_0708,6,alpha
human1_lib3.final_cell_0731,6,alpha
human1_lib3.final_cell_0735,6,alpha
human1_lib1.final_cell_0427,6,beta
human1_lib1.final_cell_0460,6,beta
human1_lib1.final_cell_0508,6,beta
human1_lib3.final_cell_0253,6,beta
human1_lib3.final_cell_0520,6,beta
human1_lib3.final_cell_0585,6,beta
human1_lib1.final_cell_0127,6,delta
human1_lib2.final_cell_0066,6,ductal
human1_lib2.final_cell_0293,6,endothelial
human1_lib1.final_cell_0016,7,activated_stellate
human1_lib1.final_cell_0041,7,activated_stellate
human1_lib1.final_cell_0044,7,activated_stellate
human1_lib1.final_cell_0045,7,activated_stellate
human1_lib1.final_cell_0046,7,activated_stellate
human1_lib1.final_cell_0048,7,activated_stellate
human1_lib1.final_cell_0056,7,activated_stellate
human1_lib1.final_cell_0085,7,activated_stellate
human1_lib1.final_cell_0156,7,activated_stellate
human1_lib1.final_cell_0219,7,activated_stellate
human1_lib1.final_cell_0237,7,activated_stellate
human1_lib1.final_cell_0399,7,activated_stellate
human1_lib1.final_cell_0450,7,activated_stellate
human1_lib1.final_cell_0500,7,activated_stellate
human1_lib1.final_cell_0510,7,activated_stellate
human1_lib2.final_cell_0059,7,activated_stellate
human1_lib2.final_cell_0130,7,activated_stellate
human1_lib2.final_cell_0157,7,activated_stellate
human1_lib2.final_cell_0218,7,activated_stellate
human1_lib2.final_cell_0223,7,activated_stellate
human1_lib2.final_cell_0309,7,activated_stellate
human1_lib2.final_cell_0374,7,activated_stellate
human1_lib2.final_cell_0420,7,activated_stellate
human1_lib2.final_cell_0431,7,activated_stellate
human1_lib2.final_cell_0469,7,activated_stellate
human1_lib2.final_cell_0475,7,activated_stellate
human1_lib2.final_cell_0535,7,activated_stellate
human1_lib2.final_cell_0563,7,activated_stellate
human1_lib2.final_cell_0587,7,activated_stellate
human1_lib2.final_cell_0612,7,activated_stellate
human1_lib3.final_cell_0005,7,activated_stellate
human1_lib3.final_cell_0013,7,activated_stellate
human1_lib3.final_cell_0021,7,activated_stellate
human1_lib3.final_cell_0022,7,activated_stellate
human1_lib3.final_cell_0046,7,activated_stellate
human1_lib3.final_cell_0048,7,activated_stellate
human1_lib3.final_cell_0106,7,activated_stellate
human1_lib3.final_cell_0139,7,activated_stellate
human1_lib3.final_cell_0146,7,activated_stellate
human1_lib3.final_cell_0151,7,activated_stellate
human1_lib3.final_cell_0243,7,activated_stellate
human1_lib3.final_cell_0251,7,activated_stellate
human1_lib3.final_cell_0255,7,activated_stellate
human1_lib3.final_cell_0258,7,activated_stellate
human1_lib3.final_cell_0271,7,activated_stellate
human1_lib3.final_cell_0288,7,activated_stellate
human1_lib3.final_cell_0313,7,activated_stellate
human1_lib3.final_cell_0685,7,activated_stellate
human1_lib3.final_cell_0687,7,activated_stellate
human1_lib3.final_cell_0691,7,activated_stellate
human1_lib2.final_cell_0526,7,beta
human1_lib2.final_cell_0460,7,quiescent_stellate
human1_lib3.final_cell_0723,7,quiescent_stellate
human1_lib1.final_cell_0358,7,schwann
human1_lib2.final_cell_0272,7,schwann
human1_lib2.final_cell_0451,7,schwann
human1_lib2.final_cell_0544,7,schwann
human1_lib3.final_cell_0641,7,schwann
human1_lib2.final_cell_0324,8,activated_stellate
human1_lib1.final_cell_0218,8,endothelial
human1_lib1.final_cell_0215,8,quiescent_stellate
human1_lib1.final_cell_0242,8,quiescent_stellate
human1_lib1.final_cell_0269,8,quiescent_stellate
human1_lib1.final_cell_0325,8,quiescent_stellate
human1_lib1.final_cell_0350,8,quiescent_stellate
human1_lib1.final_cell_0360,8,quiescent_stellate
human1_lib1.final_cell_0398,8,quiescent_stellate
human1_lib1.final_cell_0404,8,quiescent_stellate
human1_lib1.final_cell_0407,8,quiescent_stellate
human1_lib1.final_cell_0432,8,quiescent_stellate
human1_lib1.final_cell_0452,8,quiescent_stellate
human1_lib1.final_cell_0455,8,quiescent_stellate
human1_lib1.final_cell_0459,8,quiescent_stellate
human1_lib1.final_cell_0485,8,quiescent_stellate
human1_lib1.final_cell_0489,8,quiescent_stellate
human1_lib1.final_cell_0495,8,quiescent_stellate
human1_lib1.final_cell_0496,8,quiescent_stellate
human1_lib1.final_cell_0507,8,quiescent_stellate
human1_lib1.final_cell_0513,8,quiescent_stellate
human1_lib1.final_cell_0536,8,quiescent_stellate
human1_lib1.final_cell_0541,8,quiescent_stellate
human1_lib1.final_cell_0559,8,quiescent_stellate
human1_lib2.final_cell_0346,8,quiescent_stellate
human1_lib2.final_cell_0408,8,quiescent_stellate
human1_lib2.final_cell_0417,8,quiescent_stellate
human1_lib2.final_cell_0437,8,quiescent_stellate
human1_lib2.final_cell_0448,8,quiescent_stellate
human1_lib2.final_cell_0462,8,quiescent_stellate
human1_lib2.final_cell_0493,8,quiescent_stellate
human1_lib2.final_cell_0496,8,quiescent_stellate
human1_lib2.final_cell_0510,8,quiescent_stellate
human1_lib2.final_cell_0519,8,quiescent_stellate
human1_lib2.final_cell_0528,8,quiescent_stellate
human1_lib2.final_cell_0547,8,quiescent_stellate
human1_lib2.final_cell_0555,8,quiescent_stellate
human1_lib2.final_cell_0562,8,quiescent_stellate
human1_lib2.final_cell_0567,8,quiescent_stellate
human1_lib2.final_cell_0575,8,quiescent_stellate
human1_lib2.final_cell_0580,8,quiescent_stellate
human1_lib2.final_cell_0586,8,quiescent_stellate
human1_lib2.final_cell_0592,8,quiescent_stellate
human1_lib2.final_cell_0593,8,quiescent_stellate
human1_lib2.final_cell_0594,8,quiescent_stellate
human1_lib2.final_cell_0595,8,quiescent_stellate
human1_lib2.final_cell_0598,8,quiescent_stellate
human1_lib2.final_cell_0600,8,quiescent_stellate
human1_lib2.final_cell_0601,8,quiescent_stellate
human1_lib2.final_cell_0617,8,quiescent_stellate
human1_lib2.final_cell_0625,8,quiescent_stellate
human1_lib2.final_cell_0627,8,quiescent_stellate
human1_lib2.final_cell_0629,8,quiescent_stellate
human1_lib3.final_cell_0193,8,quiescent_stellate
human1_lib3.final_cell_0204,8,quiescent_stellate
human1_lib3.final_cell_0326,8,quiescent_stellate
human1_lib3.final_cell_0353,8,quiescent_stellate
human1_lib3.final_cell_0417,8,quiescent_stellate
human1_lib3.final_cell_0444,8,quiescent_stellate
human1_lib3.final_cell_0454,8,quiescent_stellate
human1_lib3.final_cell_0484,8,quiescent_stellate
human1_lib3.final_cell_0497,8,quiescent_stellate
human1_lib3.final_cell_0503,8,quiescent_stellate
human1_lib3.final_cell_0534,8,quiescent_stellate
human1_lib3.final_cell_0548,8,quiescent_stellate
human1_lib3.final_cell_0558,8,quiescent_stellate
human1_lib3.final_cell_0567,8,quiescent_stellate
human1_lib3.final_cell_0574,8,quiescent_stellate
human1_lib3.final_cell_0582,8,quiescent_stellate
human1_lib3.final_cell_0591,8,quiescent_stellate
human1_lib3.final_cell_0595,8,quiescent_stellate
human1_lib3.final_cell_0611,8,quiescent_stellate
human1_lib3.final_cell_0631,8,quiescent_stellate
human1_lib3.final_cell_0632,8,quiescent_stellate
human1_lib3.final_cell_0635,8,quiescent_stellate
human1_lib3.final_cell_0637,8,quiescent_stellate
human1_lib3.final_cell_0638,8,quiescent_stellate
human1_lib3.final_cell_0640,8,quiescent_stellate
human1_lib3.final_cell_0656,8,quiescent_stellate
human1_lib3.final_cell_0657,8,quiescent_stellate
human1_lib3.final_cell_0662,8,quiescent_stellate
human1_lib3.final_cell_0675,8,quiescent_stellate
human1_lib3.final_cell_0680,8,quiescent_stellate
human1_lib3.final_cell_0693,8,quiescent_stellate
human1_lib3.final_cell_0697,8,quiescent_stellate
human1_lib3.final_cell_0698,8,quiescent_stellate
human1_lib3.final_cell_0714,8,quiescent_stellate
human1_lib3.final_cell_0726,8,quiescent_stellate
human1_lib3.final_cell_0727,8,quiescent_stellate
human1_lib3.final_cell_0728,8,quiescent_stellate
human1_lib3.final_cell_0740,8,quiescent_stellate
human1_lib1.final_cell_0428,9,mast
human1_lib1.final_cell_0527,9,mast
human1_lib2.final_cell_0552,9,mast
human1_lib3.final_cell_0516,9,mast
human1_lib3.final_cell_0530,9,mast
human1_lib3.final_cell_0597,9,mast
human1_lib3.final_cell_0690,9,mast
human1_lib3.final_cell_0712,9,mast
human1_lib3.final_cell_0704,9,t_cell
human1_lib1.final_cell_0288,10,macrophage
human1_lib1.final_cell_0417,10,macrophage
human1_lib1.final_cell_0553,10,macrophage
human1_lib2.final_cell_0149,10,macrophage
human1_lib2.final_cell_0287,10,macrophage
human1_lib2.final_cell_0303,10,macrophage
human1_lib2.final_cell_0343,10,macrophage
human1_lib2.final_cell_0360,10,macrophage
human1_lib2.final_cell_0380,10,macrophage
human1_lib2.final_cell_0499,10,macrophage
human1_lib3.final_cell_0057,10,macrophage
human1_lib3.final_cell_0179,10,macrophage
human1_lib3.final_cell_0546,10,macrophage
human1_lib3.final_cell_0613,10,macrophage
